image,orb_similarity,y_true,category
synthetic_similar_1.jpg,0.7895399814215726,1,similar
synthetic_similar_2.jpg,0.7006429978360341,1,similar
synthetic_similar_3.jpg,0.810676395334097,1,similar
synthetic_similar_4.jpg,0.9332241798971235,1,similar
synthetic_similar_5.jpg,0.6872185275387329,1,similar
synthetic_similar_6.jpg,0.6872208260271147,1,similar
synthetic_similar_7.jpg,0.9410897941710348,1,similar
synthetic_similar_8.jpg,0.8274408620814072,1,similar
synthetic_similar_9.jpg,0.6542735859691067,1,similar
synthetic_similar_10.jpg,0.795958406102035,1,similar
synthetic_similar_11.jpg,0.6551215230062553,1,similar
synthetic_similar_12.jpg,0.654797834500164,1,similar
synthetic_similar_13.jpg,0.7538747180192448,1,similar
synthetic_similar_14.jpg,0.45214076574790824,1,similar
synthetic_similar_15.jpg,0.4785115034481754,1,similar
synthetic_similar_16.jpg,0.6412797459062638,1,similar
synthetic_similar_17.jpg,0.5782036431531806,1,similar
synthetic_similar_18.jpg,0.7639946265633383,1,similar
synthetic_similar_19.jpg,0.5928766294270305,1,similar
synthetic_similar_20.jpg,0.5222774818130591,1,similar
synthetic_similar_21.jpg,0.9251908276490175,1,similar
synthetic_similar_22.jpg,0.688391317931885,1,similar
synthetic_similar_23.jpg,0.7294539486563093,1,similar
synthetic_similar_24.jpg,0.520535253930116,1,similar
synthetic_similar_25.jpg,0.6437864185664743,1,similar
synthetic_similar_26.jpg,0.7355291625593813,1,similar
synthetic_similar_27.jpg,0.5588608991608776,1,similar
synthetic_similar_28.jpg,0.7725977225683941,1,similar
synthetic_similar_29.jpg,0.6359105834113673,1,similar
synthetic_similar_30.jpg,0.6791628750289412,1,similar
synthetic_similar_31.jpg,0.6357610742878844,1,similar
synthetic_similar_32.jpg,0.9793189458312512,1,similar
synthetic_similar_33.jpg,0.7181103885366892,1,similar
synthetic_similar_34.jpg,0.571920469946174,1,similar
synthetic_similar_35.jpg,0.8351562876944465,1,similar
synthetic_similar_36.jpg,0.5490818890040569,1,similar
synthetic_similar_37.jpg,0.7492409033006657,1,similar
synthetic_similar_38.jpg,0.44564618265683137,1,similar
synthetic_similar_39.jpg,0.5340539531542197,1,similar
synthetic_similar_40.jpg,0.7475605730216772,1,similar
synthetic_similar_41.jpg,0.8233853211993575,1,similar
synthetic_similar_42.jpg,0.7439915593665959,1,similar
synthetic_similar_43.jpg,0.7038092404656463,1,similar
synthetic_similar_44.jpg,0.6778454826174996,1,similar
synthetic_similar_45.jpg,0.5130069213485602,1,similar
synthetic_similar_46.jpg,0.6192218108247407,1,similar
synthetic_similar_47.jpg,0.6555105720656297,1,similar
synthetic_similar_48.jpg,0.8679971116706482,1,similar
synthetic_similar_49.jpg,0.7681065605395846,1,similar
synthetic_similar_50.jpg,0.4731743782492172,1,similar
synthetic_similar_51.jpg,0.7653717557152713,1,similar
synthetic_similar_52.jpg,0.6660884807417157,1,similar
synthetic_similar_53.jpg,0.6252309199571657,1,similar
synthetic_similar_54.jpg,0.8056346804377215,1,similar
synthetic_similar_55.jpg,0.8643399331494331,1,similar
synthetic_similar_56.jpg,0.8503792166762678,1,similar
synthetic_similar_57.jpg,0.6025095467488306,1,similar
synthetic_similar_58.jpg,0.67671026738083,1,similar
synthetic_similar_59.jpg,0.766376880396499,1,similar
synthetic_similar_60.jpg,0.8565763177971303,1,similar
synthetic_similar_61.jpg,0.6529156067016594,1,similar
synthetic_similar_62.jpg,0.6940077432670656,1,similar
synthetic_similar_63.jpg,0.565113103639156,1,similar
synthetic_similar_64.jpg,0.552531072628706,1,similar
synthetic_similar_65.jpg,0.8337536151351878,1,similar
synthetic_similar_66.jpg,0.9098736039999152,1,similar
synthetic_similar_67.jpg,0.7099185829787532,1,similar
synthetic_similar_68.jpg,0.8604946057048833,1,similar
synthetic_similar_69.jpg,0.7706290435066687,1,similar
synthetic_similar_70.jpg,0.6296832343552825,1,similar
synthetic_similar_71.jpg,0.770595384771178,1,similar
synthetic_similar_72.jpg,0.9353251193052357,1,similar
synthetic_similar_73.jpg,0.7149843545246067,1,similar
synthetic_similar_74.jpg,0.9390501118139609,1,similar
synthetic_similar_75.jpg,0.3532356854274357,1,similar
synthetic_similar_76.jpg,0.8350663506125313,1,similar
synthetic_similar_77.jpg,0.7321865895533439,1,similar
synthetic_similar_78.jpg,0.6781389709347785,1,similar
synthetic_similar_79.jpg,0.7328465087149703,1,similar
synthetic_similar_80.jpg,0.44174035195587497,1,similar
synthetic_similar_81.jpg,0.6892459357027483,1,similar
synthetic_similar_82.jpg,0.7699957600116445,1,similar
synthetic_similar_83.jpg,0.9269051662638123,1,similar
synthetic_similar_84.jpg,0.6474421694416893,1,similar
synthetic_similar_85.jpg,0.6068108955949537,1,similar
synthetic_similar_86.jpg,0.6497540138981649,1,similar
synthetic_similar_87.jpg,0.8481562964782904,1,similar
synthetic_similar_88.jpg,0.7660251553523558,1,similar
synthetic_similar_89.jpg,0.6458335714726146,1,similar
synthetic_similar_90.jpg,0.7918574406358698,1,similar
synthetic_similar_91.jpg,0.7335908569087256,1,similar
synthetic_similar_92.jpg,0.8556102986746045,1,similar
synthetic_similar_93.jpg,0.6217125668571706,1,similar
synthetic_similar_94.jpg,0.6741272994763124,1,similar
synthetic_similar_95.jpg,0.6651048585614979,1,similar
synthetic_similar_96.jpg,0.5151079072615034,1,similar
synthetic_similar_97.jpg,0.7614568387890406,1,similar
synthetic_similar_98.jpg,0.7565477381051845,1,similar
synthetic_similar_99.jpg,0.7207158839299445,1,similar
synthetic_similar_100.jpg,0.6871578013274794,1,similar
synthetic_similar_101.jpg,0.5218480961129419,1,similar
synthetic_similar_102.jpg,0.6611096548128497,1,similar
synthetic_similar_103.jpg,0.6720199676862523,1,similar
synthetic_similar_104.jpg,0.6076811823089733,1,similar
synthetic_similar_105.jpg,0.6974200003667587,1,similar
synthetic_similar_106.jpg,0.7765671199540354,1,similar
synthetic_similar_107.jpg,0.9840660261694743,1,similar
synthetic_similar_108.jpg,0.7444408937964574,1,similar
synthetic_similar_109.jpg,0.756057054701187,1,similar
synthetic_similar_110.jpg,0.7095775717927366,1,similar
synthetic_similar_111.jpg,0.4513720298581341,1,similar
synthetic_similar_112.jpg,0.7162880574371097,1,similar
synthetic_similar_113.jpg,0.7284322293917437,1,similar
synthetic_similar_114.jpg,1.0,1,similar
synthetic_similar_115.jpg,0.6930694649306428,1,similar
synthetic_similar_116.jpg,0.7622166279267057,1,similar
synthetic_similar_117.jpg,0.7151403522412659,1,similar
synthetic_similar_118.jpg,0.5563850747332655,1,similar
synthetic_similar_119.jpg,0.8799951940321029,1,similar
synthetic_similar_120.jpg,0.8252706245761483,1,similar
synthetic_similar_121.jpg,0.8307444725860266,1,similar
synthetic_similar_122.jpg,0.5926857563287365,1,similar
synthetic_similar_123.jpg,0.9163912035310539,1,similar
synthetic_similar_124.jpg,0.5237408512090806,1,similar
synthetic_similar_125.jpg,0.8021599931320378,1,similar
synthetic_similar_126.jpg,1.0,1,similar
synthetic_similar_127.jpg,0.5813249144817036,1,similar
synthetic_similar_128.jpg,0.640718317855612,1,similar
synthetic_similar_129.jpg,0.7339511911122697,1,similar
synthetic_similar_130.jpg,0.6495134084237321,1,similar
synthetic_similar_131.jpg,0.5029071196507413,1,similar
synthetic_similar_132.jpg,0.7295988164728437,1,similar
synthetic_similar_133.jpg,0.5712774800783453,1,similar
synthetic_similar_134.jpg,0.7863029402889254,1,similar
synthetic_similar_135.jpg,0.5912806072072675,1,similar
synthetic_similar_136.jpg,0.9369908167024555,1,similar
synthetic_similar_137.jpg,0.6103445390729267,1,similar
synthetic_similar_138.jpg,0.6749113877312054,1,similar
synthetic_similar_139.jpg,0.8338924104317538,1,similar
synthetic_similar_140.jpg,0.5476789956992463,1,similar
synthetic_similar_141.jpg,0.7518443908445781,1,similar
synthetic_similar_142.jpg,0.9029999855995399,1,similar
synthetic_similar_143.jpg,0.4949523471614281,1,similar
synthetic_similar_144.jpg,0.7458487401945225,1,similar
synthetic_similar_145.jpg,0.7563835911947793,1,similar
synthetic_similar_146.jpg,0.8294552020488234,1,similar
synthetic_similar_147.jpg,0.5468269004770685,1,similar
synthetic_similar_148.jpg,0.5351360741682013,1,similar
synthetic_similar_149.jpg,0.7930718191863657,1,similar
synthetic_similar_150.jpg,0.761577854252646,1,similar
synthetic_similar_151.jpg,0.7550689990484227,1,similar
synthetic_similar_152.jpg,0.7685027493295766,1,similar
synthetic_similar_153.jpg,0.6247965389790112,1,similar
synthetic_similar_154.jpg,0.7525155176025404,1,similar
synthetic_similar_155.jpg,0.7610301462618153,1,similar
synthetic_similar_156.jpg,0.6199908014763085,1,similar
synthetic_similar_157.jpg,0.9812084315602659,1,similar
synthetic_similar_158.jpg,0.7863366089276502,1,similar
synthetic_similar_159.jpg,0.5532175103916291,1,similar
synthetic_similar_160.jpg,0.8119175052087362,1,similar
synthetic_similar_161.jpg,0.583544566168175,1,similar
synthetic_similar_162.jpg,0.8301918445239432,1,similar
synthetic_similar_163.jpg,0.8822033810610366,1,similar
synthetic_similar_164.jpg,0.6051044754307605,1,similar
synthetic_similar_165.jpg,0.854872658094205,1,similar
synthetic_similar_166.jpg,0.7777893297711097,1,similar
synthetic_similar_167.jpg,0.8350884223992285,1,similar
synthetic_similar_168.jpg,0.9855510175715526,1,similar
synthetic_similar_169.jpg,0.6856456637595981,1,similar
synthetic_similar_170.jpg,0.6144769369899514,1,similar
synthetic_similar_171.jpg,0.5954679798524267,1,similar
synthetic_similar_172.jpg,0.6057865601048386,1,similar
synthetic_similar_173.jpg,0.7092057606820253,1,similar
synthetic_similar_174.jpg,0.7677612764743301,1,similar
synthetic_similar_175.jpg,0.7587367119062026,1,similar
synthetic_similar_176.jpg,0.8358056548650433,1,similar
synthetic_similar_177.jpg,0.721820264862907,1,similar
synthetic_similar_178.jpg,0.9234947708020244,1,similar
synthetic_similar_179.jpg,0.6829480433466861,1,similar
synthetic_similar_180.jpg,1.0,1,similar
synthetic_similar_181.jpg,0.8075934286871008,1,similar
synthetic_similar_182.jpg,0.5999979421017204,1,similar
synthetic_similar_183.jpg,0.5700750502714442,1,similar
synthetic_similar_184.jpg,0.787546138134046,1,similar
synthetic_similar_185.jpg,0.6887152100543809,1,similar
synthetic_similar_186.jpg,0.8199600691728929,1,similar
synthetic_similar_187.jpg,0.7862532674402962,1,similar
synthetic_similar_188.jpg,0.7098039522280378,1,similar
synthetic_similar_189.jpg,0.6014488794704232,1,similar
synthetic_similar_190.jpg,0.5079213885439788,1,similar
synthetic_similar_191.jpg,0.657487906710617,1,similar
synthetic_similar_192.jpg,0.8398958312052861,1,similar
synthetic_similar_193.jpg,0.7499731241782285,1,similar
synthetic_similar_194.jpg,0.5455965709803217,1,similar
synthetic_similar_195.jpg,0.7442453296191655,1,similar
synthetic_similar_196.jpg,0.7739444331620371,1,similar
synthetic_similar_197.jpg,0.5962599589318414,1,similar
synthetic_similar_198.jpg,0.7415215148323738,1,similar
synthetic_similar_199.jpg,0.7281492205824399,1,similar
synthetic_similar_200.jpg,0.5599841583037127,1,similar
synthetic_similar_201.jpg,0.7700902304487597,1,similar
synthetic_similar_202.jpg,0.7985098336915528,1,similar
synthetic_similar_203.jpg,0.8716271740445387,1,similar
synthetic_similar_204.jpg,0.8675322872848864,1,similar
synthetic_similar_205.jpg,0.5271262884860072,1,similar
synthetic_similar_206.jpg,0.5887044944118828,1,similar
synthetic_similar_207.jpg,0.7921049374092124,1,similar
synthetic_similar_208.jpg,0.7919300331277093,1,similar
synthetic_similar_209.jpg,0.7921066760828467,1,similar
synthetic_similar_210.jpg,1.0,1,similar
synthetic_similar_211.jpg,0.7999246714970434,1,similar
synthetic_similar_212.jpg,0.8789791896252839,1,similar
synthetic_similar_213.jpg,0.8535602468890483,1,similar
synthetic_similar_214.jpg,0.8111947751828117,1,similar
synthetic_similar_215.jpg,0.6758623057503516,1,similar
synthetic_similar_216.jpg,0.8262556908690575,1,similar
synthetic_similar_217.jpg,0.6118044699647399,1,similar
synthetic_similar_218.jpg,0.6868453950563987,1,similar
synthetic_similar_219.jpg,0.6520491033039255,1,similar
synthetic_similar_220.jpg,0.7314623795140851,1,similar
synthetic_similar_221.jpg,1.0,1,similar
synthetic_similar_222.jpg,0.4585828730371552,1,similar
synthetic_similar_223.jpg,0.8160764266524319,1,similar
synthetic_similar_224.jpg,0.49421977803344874,1,similar
synthetic_similar_225.jpg,0.6539295387894792,1,similar
synthetic_similar_226.jpg,0.8724530835754313,1,similar
synthetic_similar_227.jpg,0.7289992026733647,1,similar
synthetic_similar_228.jpg,0.5691157310898971,1,similar
synthetic_similar_229.jpg,0.6198574807036044,1,similar
synthetic_similar_230.jpg,0.8151436848508546,1,similar
synthetic_similar_231.jpg,0.6177486715596008,1,similar
synthetic_similar_232.jpg,0.7503042025414765,1,similar
synthetic_similar_233.jpg,0.7263800575865339,1,similar
synthetic_similar_234.jpg,0.6287759513351856,1,similar
synthetic_similar_235.jpg,1.0,1,similar
synthetic_similar_236.jpg,0.8087486631245215,1,similar
synthetic_similar_237.jpg,0.43648003786793493,1,similar
synthetic_similar_238.jpg,0.7461036040677198,1,similar
synthetic_similar_239.jpg,0.6273498949324257,1,similar
synthetic_similar_240.jpg,0.8393406668714714,1,similar
synthetic_similar_241.jpg,0.6090470966194219,1,similar
synthetic_similar_242.jpg,0.7039368981946341,1,similar
synthetic_similar_243.jpg,0.790698219057264,1,similar
synthetic_similar_244.jpg,0.841205727183817,1,similar
synthetic_similar_245.jpg,0.5519585030121913,1,similar
synthetic_similar_246.jpg,0.6731698269822672,1,similar
synthetic_similar_247.jpg,0.6535076564374661,1,similar
synthetic_similar_248.jpg,0.6285339074396803,1,similar
synthetic_similar_249.jpg,0.9671635936393536,1,similar
synthetic_similar_250.jpg,0.7766974395345337,1,similar
synthetic_similar_251.jpg,0.5434762463930937,1,similar
synthetic_similar_252.jpg,0.8485006725876687,1,similar
synthetic_similar_253.jpg,1.0,1,similar
synthetic_similar_254.jpg,0.8645451364771606,1,similar
synthetic_similar_255.jpg,0.5072882047664381,1,similar
synthetic_similar_256.jpg,0.6522072297987248,1,similar
synthetic_similar_257.jpg,0.8973675608861271,1,similar
synthetic_similar_258.jpg,0.6209262748133707,1,similar
synthetic_similar_259.jpg,0.782134719940472,1,similar
synthetic_similar_260.jpg,0.8284487674801071,1,similar
synthetic_similar_261.jpg,0.5902297339790683,1,similar
synthetic_similar_262.jpg,0.711666450151348,1,similar
synthetic_similar_263.jpg,0.26622257239032976,1,similar
synthetic_similar_264.jpg,0.5765857302131994,1,similar
synthetic_similar_265.jpg,0.6846404588049575,1,similar
synthetic_similar_266.jpg,0.545310354524921,1,similar
synthetic_similar_267.jpg,0.948537582550429,1,similar
synthetic_similar_268.jpg,0.5197802070855113,1,similar
synthetic_similar_269.jpg,0.6583937718624222,1,similar
synthetic_similar_270.jpg,0.7383036808200527,1,similar
synthetic_similar_271.jpg,0.9217782604692561,1,similar
synthetic_similar_272.jpg,0.5189792988348785,1,similar
synthetic_similar_273.jpg,0.8828429253016943,1,similar
synthetic_similar_274.jpg,0.7214326285427421,1,similar
synthetic_similar_275.jpg,0.5825887888532868,1,similar
synthetic_similar_276.jpg,0.7846944863968579,1,similar
synthetic_similar_277.jpg,0.7478683573802858,1,similar
synthetic_similar_278.jpg,0.6359696371977687,1,similar
synthetic_similar_279.jpg,0.7297722918986026,1,similar
synthetic_similar_280.jpg,0.6660560964393536,1,similar
synthetic_similar_281.jpg,0.7358924283351747,1,similar
synthetic_similar_282.jpg,0.8126982944329465,1,similar
synthetic_similar_283.jpg,0.9420423542603493,1,similar
synthetic_similar_284.jpg,0.5467058301642411,1,similar
synthetic_similar_285.jpg,1.0,1,similar
synthetic_similar_286.jpg,0.4467077080668497,1,similar
synthetic_similar_287.jpg,0.6987500866950183,1,similar
synthetic_similar_288.jpg,0.8023644089078407,1,similar
synthetic_similar_289.jpg,0.7593388614829045,1,similar
synthetic_similar_290.jpg,0.6328220672251168,1,similar
synthetic_similar_291.jpg,0.6908628849499815,1,similar
synthetic_similar_292.jpg,0.6509798691477634,1,similar
synthetic_similar_293.jpg,0.6374889340278104,1,similar
synthetic_similar_294.jpg,0.8389442935829434,1,similar
synthetic_similar_295.jpg,0.7699821680351067,1,similar
synthetic_similar_296.jpg,0.6229926566635083,1,similar
synthetic_similar_297.jpg,0.8459439825606551,1,similar
synthetic_similar_298.jpg,0.7630219329227252,1,similar
synthetic_similar_299.jpg,0.8338006966374544,1,similar
synthetic_similar_300.jpg,0.8081480378693057,1,similar
synthetic_similar_301.jpg,0.6039406984709098,1,similar
synthetic_similar_302.jpg,0.6415746543724242,1,similar
synthetic_similar_303.jpg,0.8246211047172567,1,similar
synthetic_similar_304.jpg,0.805451837160685,1,similar
synthetic_similar_305.jpg,0.7170737768450193,1,similar
synthetic_similar_306.jpg,0.7364258336632294,1,similar
synthetic_similar_307.jpg,0.8988730854103795,1,similar
synthetic_similar_308.jpg,0.6371800055629838,1,similar
synthetic_similar_309.jpg,0.7965936333638053,1,similar
synthetic_similar_310.jpg,0.6916930286592547,1,similar
synthetic_similar_311.jpg,0.6895246315481891,1,similar
synthetic_similar_312.jpg,0.8738287592782066,1,similar
synthetic_similar_313.jpg,0.8355582888583242,1,similar
synthetic_similar_314.jpg,0.8338913490400894,1,similar
synthetic_similar_315.jpg,0.9027670330016061,1,similar
synthetic_similar_316.jpg,0.7229405378285862,1,similar
synthetic_similar_317.jpg,0.815473415981295,1,similar
synthetic_similar_318.jpg,0.6765626540769161,1,similar
synthetic_similar_319.jpg,0.7653832893483818,1,similar
synthetic_similar_320.jpg,0.7017799723885241,1,similar
synthetic_similar_321.jpg,0.7335794350989805,1,similar
synthetic_similar_322.jpg,0.8033219835611679,1,similar
synthetic_similar_323.jpg,0.6054491043473138,1,similar
synthetic_similar_324.jpg,1.0,1,similar
synthetic_similar_325.jpg,0.5791575665900417,1,similar
synthetic_similar_326.jpg,0.5500135942097175,1,similar
synthetic_similar_327.jpg,0.8821355222900095,1,similar
synthetic_similar_328.jpg,0.830832777154811,1,similar
synthetic_similar_329.jpg,0.8073767743873017,1,similar
synthetic_similar_330.jpg,0.8079683712969992,1,similar
synthetic_similar_331.jpg,0.7182854518014319,1,similar
synthetic_similar_332.jpg,0.5943843879919836,1,similar
synthetic_similar_333.jpg,0.7306126381471216,1,similar
synthetic_similar_334.jpg,0.6251973603883043,1,similar
synthetic_similar_335.jpg,0.8565167626784851,1,similar
synthetic_similar_336.jpg,0.6994119665897005,1,similar
synthetic_similar_337.jpg,0.6044303924490484,1,similar
synthetic_similar_338.jpg,0.6750059821685809,1,similar
synthetic_similar_339.jpg,0.7778104035985873,1,similar
synthetic_similar_340.jpg,0.6410785626074436,1,similar
synthetic_similar_341.jpg,0.6048891446206995,1,similar
synthetic_similar_342.jpg,0.7541162096088677,1,similar
synthetic_similar_343.jpg,0.7542953199552211,1,similar
synthetic_similar_344.jpg,0.6490279554480418,1,similar
synthetic_similar_345.jpg,0.6540546372134348,1,similar
synthetic_similar_346.jpg,0.752486991230069,1,similar
synthetic_similar_347.jpg,0.5172681921903746,1,similar
synthetic_similar_348.jpg,0.5229550715872822,1,similar
synthetic_similar_349.jpg,0.6194178090246589,1,similar
synthetic_similar_350.jpg,0.6901173987603414,1,similar
synthetic_similar_351.jpg,0.7635270591837207,1,similar
synthetic_similar_352.jpg,0.9265498703729372,1,similar
synthetic_similar_353.jpg,0.8400723472482827,1,similar
synthetic_similar_354.jpg,0.6976086058051202,1,similar
synthetic_similar_355.jpg,0.7173377308936235,1,similar
synthetic_similar_356.jpg,0.5796458889507068,1,similar
synthetic_similar_357.jpg,0.7174081609610654,1,similar
synthetic_similar_358.jpg,0.6795877905511806,1,similar
synthetic_similar_359.jpg,0.7651805984473325,1,similar
synthetic_similar_360.jpg,0.6041876679026748,1,similar
synthetic_similar_361.jpg,0.7927085119937641,1,similar
synthetic_similar_362.jpg,0.9345834478203608,1,similar
synthetic_similar_363.jpg,0.7047735792160399,1,similar
synthetic_similar_364.jpg,0.7762396410938518,1,similar
synthetic_similar_365.jpg,0.8166201588395557,1,similar
synthetic_similar_366.jpg,0.6638291339359829,1,similar
synthetic_similar_367.jpg,0.7513729474534583,1,similar
synthetic_similar_368.jpg,0.7217629361094513,1,similar
synthetic_similar_369.jpg,0.7336746537968364,1,similar
synthetic_similar_370.jpg,0.6117786302602346,1,similar
synthetic_similar_371.jpg,0.723431424396252,1,similar
synthetic_similar_372.jpg,0.7897197607743629,1,similar
synthetic_similar_373.jpg,0.9231601050913059,1,similar
synthetic_similar_374.jpg,0.8542979156519289,1,similar
synthetic_similar_375.jpg,1.0,1,similar
synthetic_similar_376.jpg,0.612571341195673,1,similar
synthetic_similar_377.jpg,0.8421248891408949,1,similar
synthetic_similar_378.jpg,0.7456678808033692,1,similar
synthetic_similar_379.jpg,1.0,1,similar
synthetic_similar_380.jpg,0.6068382400502788,1,similar
synthetic_similar_381.jpg,0.6024389420946913,1,similar
synthetic_similar_382.jpg,0.6360850296378369,1,similar
synthetic_similar_383.jpg,0.42265459859662696,1,similar
synthetic_similar_384.jpg,0.6463942969646934,1,similar
synthetic_similar_385.jpg,0.6137214273824823,1,similar
synthetic_similar_386.jpg,0.741055130106669,1,similar
synthetic_similar_387.jpg,0.7678458366088023,1,similar
synthetic_similar_388.jpg,0.9826639174902241,1,similar
synthetic_similar_389.jpg,0.853059337346047,1,similar
synthetic_similar_390.jpg,0.6392334882072636,1,similar
synthetic_similar_391.jpg,0.5942219460112299,1,similar
synthetic_similar_392.jpg,0.7888686840109108,1,similar
synthetic_similar_393.jpg,0.53516735101711,1,similar
synthetic_similar_394.jpg,0.9764042272196095,1,similar
synthetic_similar_395.jpg,0.8851216169009801,1,similar
synthetic_similar_396.jpg,0.6543154087053413,1,similar
synthetic_similar_397.jpg,0.4801611659272771,1,similar
synthetic_similar_398.jpg,0.9095421323831578,1,similar
synthetic_similar_399.jpg,0.7039644216646335,1,similar
synthetic_similar_400.jpg,0.8932942836762846,1,similar
synthetic_similar_401.jpg,0.49678012776878855,1,similar
synthetic_similar_402.jpg,0.6360874967864718,1,similar
synthetic_similar_403.jpg,0.7207341179605457,1,similar
synthetic_similar_404.jpg,0.7265772831270638,1,similar
synthetic_similar_405.jpg,0.6569908339929058,1,similar
synthetic_similar_406.jpg,0.8071989905286499,1,similar
synthetic_similar_407.jpg,0.5705331398864367,1,similar
synthetic_similar_408.jpg,0.7000668720970189,1,similar
synthetic_similar_409.jpg,0.7368413884396658,1,similar
synthetic_similar_410.jpg,0.7920214367682248,1,similar
synthetic_similar_411.jpg,0.8196260829324445,1,similar
synthetic_similar_412.jpg,0.5625501071426983,1,similar
synthetic_similar_413.jpg,0.5052240160970128,1,similar
synthetic_similar_414.jpg,0.8988747550657913,1,similar
synthetic_similar_415.jpg,0.7665239616771428,1,similar
synthetic_similar_416.jpg,0.6152118848820824,1,similar
synthetic_similar_417.jpg,0.9371612765731532,1,similar
synthetic_similar_418.jpg,0.7361944488010002,1,similar
synthetic_similar_419.jpg,0.8851016057689357,1,similar
synthetic_similar_420.jpg,0.7294525873974153,1,similar
synthetic_similar_421.jpg,1.0,1,similar
synthetic_similar_422.jpg,0.9657477179420486,1,similar
synthetic_similar_423.jpg,0.6851450192129297,1,similar
synthetic_similar_424.jpg,0.8560199331336098,1,similar
synthetic_similar_425.jpg,0.8103526329419206,1,similar
synthetic_similar_426.jpg,0.9116084180545287,1,similar
synthetic_similar_427.jpg,0.5849107155187854,1,similar
synthetic_similar_428.jpg,0.8160472043997815,1,similar
synthetic_similar_429.jpg,0.8681794281589423,1,similar
synthetic_similar_430.jpg,0.47377647190076394,1,similar
synthetic_similar_431.jpg,0.5543438082267914,1,similar
synthetic_similar_432.jpg,0.4345074951135859,1,similar
synthetic_similar_433.jpg,0.6822830431777619,1,similar
synthetic_similar_434.jpg,0.8204559158114347,1,similar
synthetic_similar_435.jpg,0.930329987293444,1,similar
synthetic_similar_436.jpg,0.7303732692587686,1,similar
synthetic_similar_437.jpg,0.9480061763799809,1,similar
synthetic_similar_438.jpg,0.5267857958499151,1,similar
synthetic_similar_439.jpg,0.4815264584902783,1,similar
synthetic_similar_440.jpg,0.7122233221544734,1,similar
synthetic_similar_441.jpg,0.773769162851503,1,similar
synthetic_similar_442.jpg,0.715422735266827,1,similar
synthetic_similar_443.jpg,0.43055810599441724,1,similar
synthetic_similar_444.jpg,0.7075231944682095,1,similar
synthetic_similar_445.jpg,0.5373742699293205,1,similar
synthetic_similar_446.jpg,0.8137541568362053,1,similar
synthetic_similar_447.jpg,0.7713237544535587,1,similar
synthetic_similar_448.jpg,0.5884168299141702,1,similar
synthetic_similar_449.jpg,0.6480586315728629,1,similar
synthetic_similar_450.jpg,0.5717101069355468,1,similar
synthetic_similar_451.jpg,0.7112249263817559,1,similar
synthetic_similar_452.jpg,0.8537199248701733,1,similar
synthetic_similar_453.jpg,0.5819983535130239,1,similar
synthetic_similar_454.jpg,0.7905665121724982,1,similar
synthetic_similar_455.jpg,0.6457639334278582,1,similar
synthetic_similar_456.jpg,0.6089978034832718,1,similar
synthetic_similar_457.jpg,0.7050157496063619,1,similar
synthetic_similar_458.jpg,0.5750660748612876,1,similar
synthetic_similar_459.jpg,0.6424890972513945,1,similar
synthetic_similar_460.jpg,0.5522970950375612,1,similar
synthetic_similar_461.jpg,0.9950615186082945,1,similar
synthetic_similar_462.jpg,0.7249368972760419,1,similar
synthetic_similar_463.jpg,0.622038428881038,1,similar
synthetic_similar_464.jpg,0.7499571875027911,1,similar
synthetic_similar_465.jpg,0.7042740730432838,1,similar
synthetic_similar_466.jpg,0.6890642560653487,1,similar
synthetic_similar_467.jpg,0.8059833380060795,1,similar
synthetic_similar_468.jpg,0.8260510794066227,1,similar
synthetic_similar_469.jpg,0.6457298393345261,1,similar
synthetic_similar_470.jpg,0.6393854463097448,1,similar
synthetic_similar_471.jpg,0.6814927623987698,1,similar
synthetic_similar_472.jpg,0.39773103693701806,1,similar
synthetic_similar_473.jpg,0.5078732512922026,1,similar
synthetic_similar_474.jpg,0.9113623974422335,1,similar
synthetic_similar_475.jpg,0.9502954798901797,1,similar
synthetic_similar_476.jpg,0.685134954462107,1,similar
synthetic_similar_477.jpg,0.8007179748278073,1,similar
synthetic_similar_478.jpg,0.763575021636095,1,similar
synthetic_similar_479.jpg,1.0,1,similar
synthetic_similar_480.jpg,0.8767404876008407,1,similar
synthetic_similar_481.jpg,0.7020915371926927,1,similar
synthetic_similar_482.jpg,0.5862243383159403,1,similar
synthetic_similar_483.jpg,0.4950975151639398,1,similar
synthetic_similar_484.jpg,0.7484849090214112,1,similar
synthetic_similar_485.jpg,0.6141108956601975,1,similar
synthetic_similar_486.jpg,0.5208844806563255,1,similar
synthetic_similar_487.jpg,0.6294797962060462,1,similar
synthetic_similar_488.jpg,0.5685832794939847,1,similar
synthetic_similar_489.jpg,0.9561998289101591,1,similar
synthetic_similar_490.jpg,0.8434295659729231,1,similar
synthetic_similar_491.jpg,0.7188838302156736,1,similar
synthetic_similar_492.jpg,0.9271921794446036,1,similar
synthetic_similar_493.jpg,0.7308315630706665,1,similar
synthetic_similar_494.jpg,0.599420211814043,1,similar
synthetic_similar_495.jpg,0.933237370817752,1,similar
synthetic_similar_496.jpg,0.7954474061158522,1,similar
synthetic_similar_497.jpg,0.574785538394296,1,similar
synthetic_similar_498.jpg,0.6933525850682948,1,similar
synthetic_similar_499.jpg,0.597413444526134,1,similar
synthetic_similar_500.jpg,0.5264080376649929,1,similar
synthetic_similar_501.jpg,0.8496648566544298,1,similar
synthetic_similar_502.jpg,0.9873183296658183,1,similar
synthetic_similar_503.jpg,0.5242005396653202,1,similar
synthetic_similar_504.jpg,0.7988156931366799,1,similar
synthetic_similar_505.jpg,0.6289100403229442,1,similar
synthetic_similar_506.jpg,0.6518024462729425,1,similar
synthetic_similar_507.jpg,0.6370648506065583,1,similar
synthetic_similar_508.jpg,0.5990412922448257,1,similar
synthetic_similar_509.jpg,0.7267930279122757,1,similar
synthetic_similar_510.jpg,0.6036669837024546,1,similar
synthetic_similar_511.jpg,0.7578639556091774,1,similar
synthetic_similar_512.jpg,0.7129666646771208,1,similar
synthetic_similar_513.jpg,0.6865472734387026,1,similar
synthetic_similar_514.jpg,0.5929410873141763,1,similar
synthetic_similar_515.jpg,0.6392520137204334,1,similar
synthetic_similar_516.jpg,0.8257547716156058,1,similar
synthetic_similar_517.jpg,0.7901284062674133,1,similar
synthetic_similar_518.jpg,0.5831422657282028,1,similar
synthetic_similar_519.jpg,0.7339065227600916,1,similar
synthetic_similar_520.jpg,0.8251941972720505,1,similar
synthetic_similar_521.jpg,0.48628326064300786,1,similar
synthetic_similar_522.jpg,0.7960704269331909,1,similar
synthetic_similar_523.jpg,0.6272326737475814,1,similar
synthetic_similar_524.jpg,0.7998838136030423,1,similar
synthetic_similar_525.jpg,0.6131437180840476,1,similar
synthetic_similar_526.jpg,0.46731650590696727,1,similar
synthetic_similar_527.jpg,0.4921440586963572,1,similar
synthetic_similar_528.jpg,0.7267318925325934,1,similar
synthetic_similar_529.jpg,0.7563611502410075,1,similar
synthetic_similar_530.jpg,0.5933956724853827,1,similar
synthetic_similar_531.jpg,0.8094029442288323,1,similar
synthetic_similar_532.jpg,0.48738719128234553,1,similar
synthetic_similar_533.jpg,0.7107488281893757,1,similar
synthetic_similar_534.jpg,0.550457732033256,1,similar
synthetic_similar_535.jpg,0.6287429449076977,1,similar
synthetic_similar_536.jpg,0.7266358139842979,1,similar
synthetic_similar_537.jpg,0.5995421288602466,1,similar
synthetic_similar_538.jpg,0.6661622238078244,1,similar
synthetic_similar_539.jpg,0.8608809932900217,1,similar
synthetic_similar_540.jpg,0.6392351382667592,1,similar
synthetic_similar_541.jpg,0.8369968956891198,1,similar
synthetic_similar_542.jpg,0.5618410403479335,1,similar
synthetic_similar_543.jpg,0.7941725849081396,1,similar
synthetic_similar_544.jpg,0.9218196068921061,1,similar
synthetic_similar_545.jpg,0.37396976998217946,1,similar
synthetic_similar_546.jpg,0.6084346642341332,1,similar
synthetic_similar_547.jpg,0.8007900978052755,1,similar
synthetic_similar_548.jpg,0.691573645953981,1,similar
synthetic_similar_549.jpg,0.7719604222719832,1,similar
synthetic_similar_550.jpg,0.6354420738597851,1,similar
synthetic_similar_551.jpg,0.732122570246206,1,similar
synthetic_similar_552.jpg,0.6982051870451088,1,similar
synthetic_similar_553.jpg,0.883489488632373,1,similar
synthetic_similar_554.jpg,0.7556189180621699,1,similar
synthetic_similar_555.jpg,0.7672643726905283,1,similar
synthetic_similar_556.jpg,0.6623372247428545,1,similar
synthetic_similar_557.jpg,0.6517351286298508,1,similar
synthetic_similar_558.jpg,0.659441853705253,1,similar
synthetic_similar_559.jpg,0.7752232999329616,1,similar
synthetic_similar_560.jpg,0.6610621726851631,1,similar
synthetic_similar_561.jpg,0.7605684799654978,1,similar
synthetic_similar_562.jpg,1.0,1,similar
synthetic_similar_563.jpg,0.8419574584804369,1,similar
synthetic_similar_564.jpg,0.6743567054965022,1,similar
synthetic_similar_565.jpg,0.8881699491029522,1,similar
synthetic_similar_566.jpg,0.6628694477769828,1,similar
synthetic_similar_567.jpg,0.4346625650751004,1,similar
synthetic_similar_568.jpg,0.5788679164715633,1,similar
synthetic_similar_569.jpg,0.45808913105638016,1,similar
synthetic_similar_570.jpg,0.6707881122342167,1,similar
synthetic_similar_571.jpg,0.7225785730865372,1,similar
synthetic_similar_572.jpg,0.9547012237185396,1,similar
synthetic_similar_573.jpg,0.7657698323269827,1,similar
synthetic_similar_574.jpg,0.689325925966759,1,similar
synthetic_similar_575.jpg,0.8361167813656885,1,similar
synthetic_similar_576.jpg,0.410441056738896,1,similar
synthetic_similar_577.jpg,0.7529860381351992,1,similar
synthetic_similar_578.jpg,0.8279211271441753,1,similar
synthetic_similar_579.jpg,0.5129979255908221,1,similar
synthetic_similar_580.jpg,0.8801255660489701,1,similar
synthetic_similar_581.jpg,0.767389497049218,1,similar
synthetic_similar_582.jpg,0.6618596920538878,1,similar
synthetic_similar_583.jpg,0.8085894612548798,1,similar
synthetic_similar_584.jpg,1.0,1,similar
synthetic_similar_585.jpg,0.7454612757081893,1,similar
synthetic_similar_586.jpg,0.754750882082047,1,similar
synthetic_similar_587.jpg,0.6556894740643657,1,similar
synthetic_similar_588.jpg,0.6010217882749291,1,similar
synthetic_similar_589.jpg,0.8362470143161944,1,similar
synthetic_similar_590.jpg,0.6001482643727586,1,similar
synthetic_similar_591.jpg,0.7300192732107149,1,similar
synthetic_similar_592.jpg,0.6531279574528837,1,similar
synthetic_similar_593.jpg,0.7870571756044948,1,similar
synthetic_similar_594.jpg,0.7667126947401728,1,similar
synthetic_similar_595.jpg,0.8652555921961058,1,similar
synthetic_similar_596.jpg,0.6485977041603354,1,similar
synthetic_similar_597.jpg,0.682217509058928,1,similar
synthetic_similar_598.jpg,0.582973079790477,1,similar
synthetic_similar_599.jpg,0.6577989435893443,1,similar
synthetic_similar_600.jpg,0.7728220690262793,1,similar
synthetic_similar_601.jpg,0.8259784063303492,1,similar
synthetic_similar_602.jpg,0.5908968546151324,1,similar
synthetic_similar_603.jpg,0.8417448288147924,1,similar
synthetic_similar_604.jpg,0.9097893002326931,1,similar
synthetic_similar_605.jpg,0.7778808864513181,1,similar
synthetic_similar_606.jpg,0.9827514137581292,1,similar
synthetic_similar_607.jpg,0.6116695121254997,1,similar
synthetic_similar_608.jpg,0.5457483415364015,1,similar
synthetic_similar_609.jpg,0.47097916515340094,1,similar
synthetic_similar_610.jpg,0.9294462036084856,1,similar
synthetic_similar_611.jpg,0.8116111918895681,1,similar
synthetic_similar_612.jpg,0.7122181460725363,1,similar
synthetic_similar_613.jpg,0.7591956076847748,1,similar
synthetic_similar_614.jpg,0.5624315333782273,1,similar
synthetic_similar_615.jpg,1.0,1,similar
synthetic_similar_616.jpg,0.7380909654765319,1,similar
synthetic_similar_617.jpg,0.735315271244685,1,similar
synthetic_similar_618.jpg,0.8216073273458169,1,similar
synthetic_similar_619.jpg,0.7873412924431398,1,similar
synthetic_similar_620.jpg,0.7513437633990784,1,similar
synthetic_similar_621.jpg,0.6093335762376563,1,similar
synthetic_similar_622.jpg,0.7860055699990394,1,similar
synthetic_similar_623.jpg,0.9834834295065047,1,similar
synthetic_similar_624.jpg,0.9083588064616969,1,similar
synthetic_similar_625.jpg,0.9430461277295156,1,similar
synthetic_similar_626.jpg,0.648429805299634,1,similar
synthetic_similar_627.jpg,0.5814553251637986,1,similar
synthetic_similar_628.jpg,0.7023898311860493,1,similar
synthetic_similar_629.jpg,0.7278014877204172,1,similar
synthetic_similar_630.jpg,0.8731868125859328,1,similar
synthetic_similar_631.jpg,0.48305495183992525,1,similar
synthetic_similar_632.jpg,0.9341370447244859,1,similar
synthetic_similar_633.jpg,0.6978788941989414,1,similar
synthetic_similar_634.jpg,0.6602366502073611,1,similar
synthetic_similar_635.jpg,0.5783053874635765,1,similar
synthetic_similar_636.jpg,0.48832006593879224,1,similar
synthetic_similar_637.jpg,0.835243881754668,1,similar
synthetic_similar_638.jpg,0.7302645154063765,1,similar
synthetic_similar_639.jpg,0.5394054740362524,1,similar
synthetic_similar_640.jpg,0.5386889719110937,1,similar
synthetic_similar_641.jpg,0.672990142099382,1,similar
synthetic_similar_642.jpg,0.953663013540515,1,similar
synthetic_similar_643.jpg,0.6836572108090953,1,similar
synthetic_similar_644.jpg,0.509559986563465,1,similar
synthetic_similar_645.jpg,0.6855959710279678,1,similar
synthetic_similar_646.jpg,0.6818187002353261,1,similar
synthetic_similar_647.jpg,0.34243586998817993,1,similar
synthetic_similar_648.jpg,0.7123987186875063,1,similar
synthetic_similar_649.jpg,0.6876691657707851,1,similar
synthetic_similar_650.jpg,0.8174688910738785,1,similar
synthetic_similar_651.jpg,0.9788538532923483,1,similar
synthetic_similar_652.jpg,0.8777191041366861,1,similar
synthetic_similar_653.jpg,0.6823555833223237,1,similar
synthetic_similar_654.jpg,0.5650863727761661,1,similar
synthetic_similar_655.jpg,1.0,1,similar
synthetic_similar_656.jpg,0.7282905807620284,1,similar
synthetic_similar_657.jpg,0.7219501008678124,1,similar
synthetic_similar_658.jpg,0.7166224878045995,1,similar
synthetic_similar_659.jpg,0.7477318665074997,1,similar
synthetic_similar_660.jpg,0.699789542330648,1,similar
synthetic_similar_661.jpg,0.6396873190367669,1,similar
synthetic_similar_662.jpg,0.6434397482263451,1,similar
synthetic_similar_663.jpg,0.7154145421697602,1,similar
synthetic_similar_664.jpg,0.6439205320412729,1,similar
synthetic_similar_665.jpg,0.620201590425197,1,similar
synthetic_similar_666.jpg,0.7349002318768655,1,similar
synthetic_similar_667.jpg,0.6843031895610803,1,similar
synthetic_similar_668.jpg,0.9305590184015764,1,similar
synthetic_similar_669.jpg,0.34886422682497825,1,similar
synthetic_similar_670.jpg,0.8728109592691446,1,similar
synthetic_similar_671.jpg,0.894451926949668,1,similar
synthetic_similar_672.jpg,0.429725367462859,1,similar
synthetic_similar_673.jpg,0.6720237368287512,1,similar
synthetic_similar_674.jpg,0.6679982787605891,1,similar
synthetic_similar_675.jpg,0.522948362739505,1,similar
synthetic_similar_676.jpg,0.6111056637372774,1,similar
synthetic_similar_677.jpg,0.564519381634784,1,similar
synthetic_similar_678.jpg,0.9653178620793071,1,similar
synthetic_similar_679.jpg,0.8509949750406446,1,similar
synthetic_similar_680.jpg,0.8980177132991822,1,similar
synthetic_similar_681.jpg,0.8210340889660529,1,similar
synthetic_similar_682.jpg,0.5619327520295878,1,similar
synthetic_similar_683.jpg,0.6465671627208317,1,similar
synthetic_similar_684.jpg,0.7885124385719084,1,similar
synthetic_similar_685.jpg,0.5489021067551276,1,similar
synthetic_similar_686.jpg,0.8198197802241343,1,similar
synthetic_similar_687.jpg,0.6863544442578611,1,similar
synthetic_similar_688.jpg,0.6675250869430563,1,similar
synthetic_similar_689.jpg,0.8195343955484888,1,similar
synthetic_similar_690.jpg,0.7821968636080455,1,similar
synthetic_similar_691.jpg,0.6694647367853288,1,similar
synthetic_similar_692.jpg,0.8823061724709947,1,similar
synthetic_similar_693.jpg,0.5686511341360143,1,similar
synthetic_similar_694.jpg,0.8062309849721969,1,similar
synthetic_similar_695.jpg,0.8030341761155737,1,similar
synthetic_similar_696.jpg,0.6766634984960413,1,similar
synthetic_similar_697.jpg,0.7656586231138965,1,similar
synthetic_similar_698.jpg,0.5448440993060575,1,similar
synthetic_similar_699.jpg,0.8493637826889662,1,similar
synthetic_similar_700.jpg,0.6941137008979815,1,similar
synthetic_similar_701.jpg,0.6468187771273344,1,similar
synthetic_similar_702.jpg,0.8668612916171645,1,similar
synthetic_similar_703.jpg,0.6213918833240136,1,similar
synthetic_similar_704.jpg,0.5228154185091016,1,similar
synthetic_similar_705.jpg,0.5020719157066534,1,similar
synthetic_similar_706.jpg,0.8048413931883895,1,similar
synthetic_similar_707.jpg,0.5407398906505203,1,similar
synthetic_similar_708.jpg,0.9656711854778111,1,similar
synthetic_similar_709.jpg,0.42852988289627886,1,similar
synthetic_similar_710.jpg,0.9575038915606053,1,similar
synthetic_similar_711.jpg,0.7495424454083666,1,similar
synthetic_similar_712.jpg,0.7064601643381451,1,similar
synthetic_similar_713.jpg,0.643711327846747,1,similar
synthetic_similar_714.jpg,0.7758790560092899,1,similar
synthetic_similar_715.jpg,0.7147311416605212,1,similar
synthetic_similar_716.jpg,0.8744622634823129,1,similar
synthetic_similar_717.jpg,0.7359918708126856,1,similar
synthetic_similar_718.jpg,0.7410422466046629,1,similar
synthetic_similar_719.jpg,0.6690942902900602,1,similar
synthetic_similar_720.jpg,0.7120276126790506,1,similar
synthetic_similar_721.jpg,0.7630922476448883,1,similar
synthetic_similar_722.jpg,0.4805764250280724,1,similar
synthetic_similar_723.jpg,0.5312540409052001,1,similar
synthetic_similar_724.jpg,0.82405697316318,1,similar
synthetic_similar_725.jpg,0.7439211613379119,1,similar
synthetic_similar_726.jpg,0.6942423329106249,1,similar
synthetic_similar_727.jpg,0.722580750629155,1,similar
synthetic_similar_728.jpg,0.768661438750634,1,similar
synthetic_similar_729.jpg,0.6444336447566894,1,similar
synthetic_similar_730.jpg,0.6110373384436762,1,similar
synthetic_similar_731.jpg,0.7474183357136754,1,similar
synthetic_similar_732.jpg,0.5830278111338955,1,similar
synthetic_similar_733.jpg,0.7771553858000261,1,similar
synthetic_similar_734.jpg,0.48163829540670233,1,similar
synthetic_similar_735.jpg,0.8640817892255901,1,similar
synthetic_similar_736.jpg,0.786163647537826,1,similar
synthetic_similar_737.jpg,0.7558441628039425,1,similar
synthetic_similar_738.jpg,0.857576737752372,1,similar
synthetic_similar_739.jpg,0.9531664222247607,1,similar
synthetic_similar_740.jpg,0.8620118091025383,1,similar
synthetic_similar_741.jpg,0.4622776076135696,1,similar
synthetic_similar_742.jpg,0.5408592246570018,1,similar
synthetic_similar_743.jpg,0.632525399122605,1,similar
synthetic_similar_744.jpg,0.7236527470295167,1,similar
synthetic_similar_745.jpg,0.7924722628656772,1,similar
synthetic_similar_746.jpg,0.6183958661585148,1,similar
synthetic_similar_747.jpg,0.746147347026791,1,similar
synthetic_similar_748.jpg,0.6142463894705348,1,similar
synthetic_similar_749.jpg,0.6343875075811272,1,similar
synthetic_similar_750.jpg,0.5230674464412488,1,similar
synthetic_similar_751.jpg,0.5907473455444734,1,similar
synthetic_similar_752.jpg,0.5307641552137132,1,similar
synthetic_similar_753.jpg,0.5833777445831734,1,similar
synthetic_similar_754.jpg,0.8675098515250975,1,similar
synthetic_similar_755.jpg,0.587084155563528,1,similar
synthetic_similar_756.jpg,1.0,1,similar
synthetic_similar_757.jpg,0.7890645061233245,1,similar
synthetic_similar_758.jpg,0.7458770573172824,1,similar
synthetic_similar_759.jpg,0.5998299107746301,1,similar
synthetic_similar_760.jpg,0.8180433831172588,1,similar
synthetic_similar_761.jpg,0.6394107043267117,1,similar
synthetic_similar_762.jpg,0.7370813740503506,1,similar
synthetic_similar_763.jpg,1.0,1,similar
synthetic_similar_764.jpg,0.7065516140385489,1,similar
synthetic_similar_765.jpg,0.8808982656799946,1,similar
synthetic_similar_766.jpg,0.6215553004823757,1,similar
synthetic_similar_767.jpg,0.7151016113304254,1,similar
synthetic_similar_768.jpg,0.9679120889889714,1,similar
synthetic_similar_769.jpg,0.6322246119097126,1,similar
synthetic_similar_770.jpg,0.9737427981195701,1,similar
synthetic_similar_771.jpg,0.8190852709637666,1,similar
synthetic_similar_772.jpg,0.6412546513748025,1,similar
synthetic_similar_773.jpg,0.8085370834677729,1,similar
synthetic_similar_774.jpg,0.8561576229477421,1,similar
synthetic_similar_775.jpg,0.8070533947104075,1,similar
synthetic_similar_776.jpg,0.5001685392153361,1,similar
synthetic_similar_777.jpg,0.6182007953845183,1,similar
synthetic_similar_778.jpg,0.6853473910227893,1,similar
synthetic_similar_779.jpg,0.7095793199259935,1,similar
synthetic_similar_780.jpg,0.8068940936570949,1,similar
synthetic_similar_781.jpg,0.7448781401306556,1,similar
synthetic_similar_782.jpg,0.5330517897805858,1,similar
synthetic_similar_783.jpg,0.7732276991408348,1,similar
synthetic_similar_784.jpg,0.8054820043397353,1,similar
synthetic_similar_785.jpg,0.7983706627103455,1,similar
synthetic_similar_786.jpg,0.8713093015776471,1,similar
synthetic_similar_787.jpg,0.8367491016368466,1,similar
synthetic_similar_788.jpg,0.7842852110919811,1,similar
synthetic_similar_789.jpg,0.7101768003957893,1,similar
synthetic_similar_790.jpg,0.48746546930776113,1,similar
synthetic_similar_791.jpg,0.780146550678562,1,similar
synthetic_similar_792.jpg,0.7490762762028356,1,similar
synthetic_similar_793.jpg,0.7580210372073523,1,similar
synthetic_similar_794.jpg,0.5412551993851566,1,similar
synthetic_similar_795.jpg,0.5686520843428432,1,similar
synthetic_similar_796.jpg,0.8674413994666065,1,similar
synthetic_similar_797.jpg,0.7144622784600683,1,similar
synthetic_similar_798.jpg,0.8154100976321674,1,similar
synthetic_similar_799.jpg,0.7239645726582645,1,similar
synthetic_similar_800.jpg,0.7241658595294043,1,similar
synthetic_similar_801.jpg,0.8513597328366397,1,similar
synthetic_similar_802.jpg,0.6477537380495676,1,similar
synthetic_similar_803.jpg,0.7334569087717376,1,similar
synthetic_similar_804.jpg,0.655281459581294,1,similar
synthetic_similar_805.jpg,0.6591705281594757,1,similar
synthetic_similar_806.jpg,0.6767159027143904,1,similar
synthetic_similar_807.jpg,0.7510987280287198,1,similar
synthetic_similar_808.jpg,0.6529751929671131,1,similar
synthetic_similar_809.jpg,0.895805857580293,1,similar
synthetic_similar_810.jpg,0.5947549776892694,1,similar
synthetic_similar_811.jpg,0.6938379698174097,1,similar
synthetic_similar_812.jpg,0.6584376518416155,1,similar
synthetic_similar_813.jpg,0.9225769038095226,1,similar
synthetic_similar_814.jpg,0.7475176687116204,1,similar
synthetic_similar_815.jpg,0.8644582355256089,1,similar
synthetic_similar_816.jpg,0.5120215477748239,1,similar
synthetic_similar_817.jpg,0.7573870372216962,1,similar
synthetic_similar_818.jpg,0.8445483113872811,1,similar
synthetic_similar_819.jpg,0.7315197584985593,1,similar
synthetic_similar_820.jpg,0.8691672525091492,1,similar
synthetic_similar_821.jpg,0.6475796169859479,1,similar
synthetic_similar_822.jpg,0.9173086416259811,1,similar
synthetic_similar_823.jpg,1.0,1,similar
synthetic_similar_824.jpg,0.6692026015384477,1,similar
synthetic_dissimilar_1.jpg,0.16871959657587648,0,dissimilar
synthetic_dissimilar_2.jpg,0.4725415163388321,0,dissimilar
synthetic_dissimilar_3.jpg,0.492731543316914,0,dissimilar
synthetic_dissimilar_4.jpg,0.15634239565547706,0,dissimilar
synthetic_dissimilar_5.jpg,0.17277010926466282,0,dissimilar
synthetic_dissimilar_6.jpg,0.19491446258231884,0,dissimilar
synthetic_dissimilar_7.jpg,0.024887918234515666,0,dissimilar
synthetic_dissimilar_8.jpg,0.09301568856252826,0,dissimilar
synthetic_dissimilar_9.jpg,0.07933747731966914,0,dissimilar
synthetic_dissimilar_10.jpg,0.11715238958333944,0,dissimilar
synthetic_dissimilar_11.jpg,0.234450418018115,0,dissimilar
synthetic_dissimilar_12.jpg,0.2774743572058433,0,dissimilar
synthetic_dissimilar_13.jpg,0.4880800788502523,0,dissimilar
synthetic_dissimilar_14.jpg,0.08026335348179342,0,dissimilar
synthetic_dissimilar_15.jpg,0.3974915837562534,0,dissimilar
synthetic_dissimilar_16.jpg,0.20576178492391856,0,dissimilar
synthetic_dissimilar_17.jpg,0.23208580645561072,0,dissimilar
synthetic_dissimilar_18.jpg,0.3479711187466566,0,dissimilar
synthetic_dissimilar_19.jpg,0.060364476550032214,0,dissimilar
synthetic_dissimilar_20.jpg,0.3011855593894481,0,dissimilar
synthetic_dissimilar_21.jpg,0.26663235331408897,0,dissimilar
synthetic_dissimilar_22.jpg,0.31879220224130383,0,dissimilar
synthetic_dissimilar_23.jpg,0.2862669830252509,0,dissimilar
synthetic_dissimilar_24.jpg,0.6328480223857431,0,dissimilar
synthetic_dissimilar_25.jpg,0.13796160251978945,0,dissimilar
synthetic_dissimilar_26.jpg,0.15504048719970917,0,dissimilar
synthetic_dissimilar_27.jpg,0.1402975157720377,0,dissimilar
synthetic_dissimilar_28.jpg,0.15112366093435925,0,dissimilar
synthetic_dissimilar_29.jpg,0.13801805963095715,0,dissimilar
synthetic_dissimilar_30.jpg,0.4302426449772083,0,dissimilar
synthetic_dissimilar_31.jpg,0.4672806796783768,0,dissimilar
synthetic_dissimilar_32.jpg,0.1486805930000838,0,dissimilar
synthetic_dissimilar_33.jpg,0.1068231083033234,0,dissimilar
synthetic_dissimilar_34.jpg,0.31542648902182463,0,dissimilar
synthetic_dissimilar_35.jpg,0.1516443129150446,0,dissimilar
synthetic_dissimilar_36.jpg,0.34126909084088175,0,dissimilar
synthetic_dissimilar_37.jpg,0.27246768333620797,0,dissimilar
synthetic_dissimilar_38.jpg,0.0,0,dissimilar
synthetic_dissimilar_39.jpg,0.48760083221280986,0,dissimilar
synthetic_dissimilar_40.jpg,0.5273404276952836,0,dissimilar
synthetic_dissimilar_41.jpg,0.1419538095224982,0,dissimilar
synthetic_dissimilar_42.jpg,0.17796775041024254,0,dissimilar
synthetic_dissimilar_43.jpg,0.2857384625159848,0,dissimilar
synthetic_dissimilar_44.jpg,0.293513086397924,0,dissimilar
synthetic_dissimilar_45.jpg,0.3453670836276529,0,dissimilar
synthetic_dissimilar_46.jpg,0.561632726202616,0,dissimilar
synthetic_dissimilar_47.jpg,0.2116884436009521,0,dissimilar
synthetic_dissimilar_48.jpg,0.11227244087384738,0,dissimilar
synthetic_dissimilar_49.jpg,0.01930892351767563,0,dissimilar
synthetic_dissimilar_50.jpg,0.12305119360929294,0,dissimilar
synthetic_dissimilar_51.jpg,0.23469968434019245,0,dissimilar
synthetic_dissimilar_52.jpg,0.527129258162846,0,dissimilar
synthetic_dissimilar_53.jpg,0.15718219215421256,0,dissimilar
synthetic_dissimilar_54.jpg,0.27580607226222376,0,dissimilar
synthetic_dissimilar_55.jpg,0.23737233662835966,0,dissimilar
synthetic_dissimilar_56.jpg,0.43014292375169344,0,dissimilar
synthetic_dissimilar_57.jpg,0.6443091881397794,0,dissimilar
synthetic_dissimilar_58.jpg,0.15506099633274867,0,dissimilar
synthetic_dissimilar_59.jpg,0.16168968919708443,0,dissimilar
synthetic_dissimilar_60.jpg,0.40706574033105153,0,dissimilar
synthetic_dissimilar_61.jpg,0.3491026383402098,0,dissimilar
synthetic_dissimilar_62.jpg,0.5354731721177654,0,dissimilar
synthetic_dissimilar_63.jpg,0.3334285096521542,0,dissimilar
synthetic_dissimilar_64.jpg,0.18251326547407046,0,dissimilar
synthetic_dissimilar_65.jpg,0.33450477291076947,0,dissimilar
synthetic_dissimilar_66.jpg,0.41739257289326526,0,dissimilar
synthetic_dissimilar_67.jpg,0.37127714899157827,0,dissimilar
synthetic_dissimilar_68.jpg,0.32116384497716766,0,dissimilar
synthetic_dissimilar_69.jpg,0.4106679503342646,0,dissimilar
synthetic_dissimilar_70.jpg,0.42708729447130767,0,dissimilar
synthetic_dissimilar_71.jpg,0.4611454385660043,0,dissimilar
synthetic_dissimilar_72.jpg,0.34379358201434285,0,dissimilar
synthetic_dissimilar_73.jpg,0.2132611071493033,0,dissimilar
synthetic_dissimilar_74.jpg,0.26347418982933163,0,dissimilar
synthetic_dissimilar_75.jpg,0.4330414346413371,0,dissimilar
synthetic_dissimilar_76.jpg,0.10929029264204221,0,dissimilar
synthetic_dissimilar_77.jpg,0.29898772941966417,0,dissimilar
synthetic_dissimilar_78.jpg,0.1770657900276223,0,dissimilar
synthetic_dissimilar_79.jpg,0.2445991716695708,0,dissimilar
synthetic_dissimilar_80.jpg,0.4445522980171678,0,dissimilar
synthetic_dissimilar_81.jpg,0.27057585088318453,0,dissimilar
synthetic_dissimilar_82.jpg,0.2474298477049838,0,dissimilar
synthetic_dissimilar_83.jpg,0.0224230174432129,0,dissimilar
synthetic_dissimilar_84.jpg,0.3594005705643553,0,dissimilar
synthetic_dissimilar_85.jpg,0.34327746898257205,0,dissimilar
synthetic_dissimilar_86.jpg,0.5861207557288737,0,dissimilar
synthetic_dissimilar_87.jpg,0.19075548240751986,0,dissimilar
synthetic_dissimilar_88.jpg,0.2750640524262302,0,dissimilar
synthetic_dissimilar_89.jpg,0.27990138939372083,0,dissimilar
synthetic_dissimilar_90.jpg,0.4923925247621559,0,dissimilar
synthetic_dissimilar_91.jpg,0.22475271481808765,0,dissimilar
synthetic_dissimilar_92.jpg,0.28464344412325426,0,dissimilar
synthetic_dissimilar_93.jpg,0.33726344155464627,0,dissimilar
synthetic_dissimilar_94.jpg,0.2698574597050173,0,dissimilar
synthetic_dissimilar_95.jpg,0.16857062167191547,0,dissimilar
synthetic_dissimilar_96.jpg,0.27105439886372923,0,dissimilar
synthetic_dissimilar_97.jpg,0.4117810799775635,0,dissimilar
synthetic_dissimilar_98.jpg,0.07575755209423035,0,dissimilar
synthetic_dissimilar_99.jpg,0.26127514786350015,0,dissimilar
synthetic_dissimilar_100.jpg,0.12798066960973226,0,dissimilar
synthetic_dissimilar_101.jpg,0.43120746062797477,0,dissimilar
synthetic_dissimilar_102.jpg,0.0,0,dissimilar
synthetic_dissimilar_103.jpg,0.15057250443654585,0,dissimilar
synthetic_dissimilar_104.jpg,0.30035390001032336,0,dissimilar
synthetic_dissimilar_105.jpg,0.49048384467749445,0,dissimilar
synthetic_dissimilar_106.jpg,0.22947995822832196,0,dissimilar
synthetic_dissimilar_107.jpg,0.15116807572908825,0,dissimilar
synthetic_dissimilar_108.jpg,0.5409851311104944,0,dissimilar
synthetic_dissimilar_109.jpg,0.00831777593340094,0,dissimilar
synthetic_dissimilar_110.jpg,0.0,0,dissimilar
synthetic_dissimilar_111.jpg,0.3104023120085332,0,dissimilar
synthetic_dissimilar_112.jpg,0.1596713241035822,0,dissimilar
synthetic_dissimilar_113.jpg,0.07660274925908586,0,dissimilar
synthetic_dissimilar_114.jpg,0.35333703156789653,0,dissimilar
synthetic_dissimilar_115.jpg,0.2790081142033918,0,dissimilar
synthetic_dissimilar_116.jpg,0.14974741908212347,0,dissimilar
synthetic_dissimilar_117.jpg,0.03515129621265689,0,dissimilar
synthetic_dissimilar_118.jpg,0.37959317252482316,0,dissimilar
synthetic_dissimilar_119.jpg,0.34403218847338574,0,dissimilar
synthetic_dissimilar_120.jpg,0.22413186179529873,0,dissimilar
synthetic_dissimilar_121.jpg,0.5354619193676265,0,dissimilar
synthetic_dissimilar_122.jpg,0.06878643738781556,0,dissimilar
synthetic_dissimilar_123.jpg,0.0,0,dissimilar
synthetic_dissimilar_124.jpg,0.12929470881900088,0,dissimilar
synthetic_dissimilar_125.jpg,0.23270623738312035,0,dissimilar
synthetic_dissimilar_126.jpg,0.2789343118916307,0,dissimilar
synthetic_dissimilar_127.jpg,0.20140223074298721,0,dissimilar
synthetic_dissimilar_128.jpg,0.2963288634422875,0,dissimilar
synthetic_dissimilar_129.jpg,0.03975369212952895,0,dissimilar
synthetic_dissimilar_130.jpg,0.47100233665172153,0,dissimilar
synthetic_dissimilar_131.jpg,0.22685581145718897,0,dissimilar
synthetic_dissimilar_132.jpg,0.4187673330541004,0,dissimilar
synthetic_dissimilar_133.jpg,0.2948360554204327,0,dissimilar
synthetic_dissimilar_134.jpg,0.31308051506460544,0,dissimilar
synthetic_dissimilar_135.jpg,0.3311627648371526,0,dissimilar
synthetic_dissimilar_136.jpg,0.3116333696027704,0,dissimilar
synthetic_dissimilar_137.jpg,0.342835641578807,0,dissimilar
synthetic_dissimilar_138.jpg,0.452664404821189,0,dissimilar
synthetic_dissimilar_139.jpg,0.2714433871522352,0,dissimilar
synthetic_dissimilar_140.jpg,0.353440601214162,0,dissimilar
synthetic_dissimilar_141.jpg,0.22564228891404373,0,dissimilar
synthetic_dissimilar_142.jpg,0.4704187544719156,0,dissimilar
synthetic_dissimilar_143.jpg,0.13177723167051683,0,dissimilar
synthetic_dissimilar_144.jpg,0.5281504692657305,0,dissimilar
synthetic_dissimilar_145.jpg,0.23357472789690503,0,dissimilar
synthetic_dissimilar_146.jpg,0.011075983661112287,0,dissimilar
synthetic_dissimilar_147.jpg,0.26049670638572625,0,dissimilar
synthetic_dissimilar_148.jpg,0.13103173480401906,0,dissimilar
synthetic_dissimilar_149.jpg,0.3745029678381958,0,dissimilar
synthetic_dissimilar_150.jpg,0.13558016331161743,0,dissimilar
synthetic_dissimilar_151.jpg,0.16861065068563524,0,dissimilar
synthetic_dissimilar_152.jpg,0.0,0,dissimilar
synthetic_dissimilar_153.jpg,0.16763098892014772,0,dissimilar
synthetic_dissimilar_154.jpg,0.0,0,dissimilar
synthetic_dissimilar_155.jpg,0.0,0,dissimilar
synthetic_dissimilar_156.jpg,0.3616663449830876,0,dissimilar
synthetic_dissimilar_157.jpg,0.3657280253841332,0,dissimilar
synthetic_dissimilar_158.jpg,0.30807320988559433,0,dissimilar
synthetic_dissimilar_159.jpg,0.08528381709932592,0,dissimilar
synthetic_dissimilar_160.jpg,0.2323661830172832,0,dissimilar
synthetic_dissimilar_161.jpg,0.23942359374550903,0,dissimilar
synthetic_dissimilar_162.jpg,0.05466164972919316,0,dissimilar
synthetic_dissimilar_163.jpg,0.48054372828274405,0,dissimilar
synthetic_dissimilar_164.jpg,0.3803779664921074,0,dissimilar
synthetic_dissimilar_165.jpg,0.20464573218725376,0,dissimilar
synthetic_dissimilar_166.jpg,0.2443017342391249,0,dissimilar
synthetic_dissimilar_167.jpg,0.2733412492716084,0,dissimilar
synthetic_dissimilar_168.jpg,0.0,0,dissimilar
synthetic_dissimilar_169.jpg,0.20045161879670448,0,dissimilar
synthetic_dissimilar_170.jpg,0.13088252032035222,0,dissimilar
synthetic_dissimilar_171.jpg,0.0797407984168135,0,dissimilar
synthetic_dissimilar_172.jpg,0.19502395313824722,0,dissimilar
synthetic_dissimilar_173.jpg,0.5276298442959236,0,dissimilar
synthetic_dissimilar_174.jpg,0.3425348578027216,0,dissimilar
synthetic_dissimilar_175.jpg,0.1486113616347525,0,dissimilar
synthetic_dissimilar_176.jpg,0.33161324501698536,0,dissimilar
